Medical,Industrial,Electric,Ports,Education,Finance
0.7338429262294562,0.2177083531402711,0,0,0.0484487206302726,0