Medical,Industrial,Electric,Ports,Education,Finance
0.8539313757731657,0.1003071264139978,0,0,0.0457614978128365,0