Medical,Industrial,Electric,Ports,Education,Finance
0.7561753720243793,0.1424374923056352,0,0,0.1013871356699855,0